<?xml version="1.0"?>
<doc>
    <assembly>
        <name>RestSharp.Serializers.SystemTextJson</name>
    </assembly>
    <members>
        <member name="M:RestSharp.Serializers.SystemTextJson.RestClientExtensions.UseSystemTextJson(RestSharp.IRestClient)">
            <summary>
            Use System.Text.Json serializer with default settings
            </summary>
            <param name="client"></param>
            <returns></returns>
        </member>
        <member name="M:RestSharp.Serializers.SystemTextJson.RestClientExtensions.UseSystemTextJson(RestSharp.IRestClient,System.Text.Json.JsonSerializerOptions)">
            <summary>
            Use System.Text.Json serializer with custom settings
            </summary>
            <param name="client"></param>
            <param name="options">System.Text.Json serializer options</param>
            <returns></returns>
        </member>
        <member name="M:RestSharp.Serializers.SystemTextJson.RestRequestExtensions.UseSystemTextJson(RestSharp.IRestRequest)">
            <summary>
            Use System.Text.Json serializer for a single request
            </summary>
            <param name="request"></param>
            <returns></returns>
        </member>
        <member name="M:RestSharp.Serializers.SystemTextJson.RestRequestExtensions.UseSystemTextJson(RestSharp.IRestRequest,System.Text.Json.JsonSerializerOptions)">
            <summary>
            Use System.Text.Json serializer for a single request with custom options
            </summary>
            <param name="request"></param>
            <param name="options">System.Text.Json serializer options</param>
            <returns></returns>
        </member>
        <member name="M:RestSharp.Serializers.SystemTextJson.SystemTextJsonSerializer.#ctor">
            <summary>
            Create the new serializer that uses System.Text.Json.JsonSerializer with default settings
            </summary>
        </member>
        <member name="M:RestSharp.Serializers.SystemTextJson.SystemTextJsonSerializer.#ctor(System.Text.Json.JsonSerializerOptions)">
            <summary>
            Create the new serializer that uses System.Text.Json.JsonSerializer with custom settings
            </summary>
            <param name="options">Json serializer settings</param>
        </member>
    </members>
</doc>
