<?xml version="1.0"?>
<doc>
    <assembly>
        <name>RestSharp.Serializers.NewtonsoftJson</name>
    </assembly>
    <members>
        <member name="F:RestSharp.Serializers.NewtonsoftJson.JsonNetSerializer.DefaultSettings">
            <summary>
            Default serialization settings:
            - Camel-case contract resolver
            - Type name handling set to none
            - Null values ignored
            - Non-indented formatting
            - Allow using non-public constructors
            </summary>
        </member>
        <member name="M:RestSharp.Serializers.NewtonsoftJson.JsonNetSerializer.#ctor">
            <summary>
            Create the new serializer that uses Json.Net with default settings
            </summary>
        </member>
        <member name="M:RestSharp.Serializers.NewtonsoftJson.JsonNetSerializer.#ctor(Newtonsoft.Json.JsonSerializerSettings)">
            <summary>
            Create the new serializer that uses Json.Net with custom settings
            </summary>
            <param name="settings">Json.Net serializer settings</param>
        </member>
        <member name="M:RestSharp.Serializers.NewtonsoftJson.RestClientExtensions.UseNewtonsoftJson(RestSharp.Serializers.SerializerConfig)">
            <summary>
            Use Newtonsoft.Json serializer with default settings
            </summary>
            <param name="config"></param>
            <returns></returns>
        </member>
        <member name="M:RestSharp.Serializers.NewtonsoftJson.RestClientExtensions.UseNewtonsoftJson(RestSharp.Serializers.SerializerConfig,Newtonsoft.Json.JsonSerializerSettings)">
            <summary>
            Use Newtonsoft.Json serializer with custom settings
            </summary>
            <param name="config"></param>
            <param name="settings">Newtonsoft.Json serializer settings</param>
            <returns></returns>
        </member>
    </members>
</doc>
